playerid,first_name,last_name,team,position,profile_url,uniform_number,weight,passing_yds,rushing_yds,receiving_yds,receiving_rec,passing_tds,rushing_tds,receiving_tds
00-0029701,Ryan,Tannehill,MIA,QB,http://www.nfl.com/player/ryantannehill/2532956/profile,17,220,240,16,-4,1,2,0,0
00-0029615,Lamar,Miller,MIA,RB,http://www.nfl.com/player/lamarmiller/2533034/profile,26,224,0,86,12,2,0,0,0
00-0030422,Dion,Sims,MIA,TE,http://www.nfl.com/player/dionsims/2540200/profile,80,265,0,0,11,2,0,0,0
00-0028112,Charles,Clay,MIA,TE,http://www.nfl.com/player/charlesclay/2495139/profile,42,255,0,0,31,5,0,0,0
00-0031382,Jarvis,Landry,MIA,WR,http://www.nfl.com/player/jarvislandry/2543488/profile,14,202,0,0,46,5,0,0,1
00-0030874,Damien,Williams,MIA,RB,http://www.nfl.com/player/damienwilliams/2550512/profile,34,221,0,0,38,2,0,0,0
00-0026901,Mike,Wallace,MIA,WR,http://www.nfl.com/player/mikewallace/2507763/profile,11,200,0,0,38,4,0,0,0
00-0027077,Brian,Hartline,MIA,WR,http://www.nfl.com/player/brianhartline/81831/profile,82,200,0,0,55,3,0,0,0
00-0026937,Brandon,Gibson,MIA,WR,http://www.nfl.com/player/brandongibson/81288/profile,10,210,0,0,13,2,0,0,1
00-0023541,Kyle,Orton,BUF,QB,http://www.nfl.com/player/kyleorton/2506444/profile,18,228,193,2,0,0,0,0,0
00-0029429,Bryce,Brown,BUF,RB,http://www.nfl.com/player/brycebrown/2534796/profile,35,220,0,14,57,7,0,0,0
00-0031325,Sammy,Watkins,BUF,WR,http://www.nfl.com/player/sammywatkins/2543457/profile,14,211,0,3,32,3,0,0,0
00-0027772,Anthony,Dixon,BUF,RB,http://www.nfl.com/player/anthonydixon/497172/profile,26,233,0,35,13,2,0,0,0
00-0030049,Chris,Gragg,BUF,TE,http://www.nfl.com/player/chrisgragg/2539202/profile,89,244,0,0,2,1,0,0,0
00-0028237,Chris,Hogan,BUF,WR,http://www.nfl.com/player/chrishogan/2530515/profile,15,220,0,0,74,7,0,0,0
00-0030431,Robert,Woods,BUF,WR,http://www.nfl.com/player/robertwoods/2540169/profile,10,190,0,0,15,2,0,0,0
00-0027939,Cam,Newton,CAR,QB,http://www.nfl.com/player/camnewton/2495455/profile,1,245,292,30,0,0,2,0,0
00-0026153,Jonathan,Stewart,CAR,RB,http://www.nfl.com/player/jonathanstewart/949/profile,28,235,0,24,15,3,0,0,0
00-0029731,Fozzy,Whittaker,CAR,RB,http://www.nfl.com/player/fozzywhittaker/2540037/profile,43,205,0,11,0,0,0,0,0
00-0024242,DeAngelo,Williams,CAR,RB,http://www.nfl.com/player/deangelowilliams/2495979/profile,34,215,0,41,-3,1,0,0,0
00-0031359,Kelvin,Benjamin,CAR,WR,http://www.nfl.com/player/kelvinbenjamin/2543471/profile,13,240,0,0,109,9,0,0,1
00-0031118,Philly,Brown,CAR,WR,http://www.nfl.com/player/phillybrown/2550546/profile,16,180,0,0,47,1,0,0,1
00-0025418,Greg,Olsen,CAR,TE,http://www.nfl.com/player/gregolsen/2495700/profile,88,253,0,0,61,5,0,0,0
00-0027675,Ed,Dickson,CAR,TE,http://www.nfl.com/player/eddickson/497224/profile,84,255,0,0,20,2,0,0,0
00-0022811,Jerricho,Cotchery,CAR,WR,http://www.nfl.com/player/jerrichocotchery/2506004/profile,82,205,0,0,43,2,0,0,0
00-0029793,Brandon,Williams,CAR,TE,http://www.nfl.com/player/brandonwilliams/2539645/profile,86,250,0,0,0,0,0,0,0
00-0026143,Matt,Ryan,ATL,QB,http://www.nfl.com/player/mattryan/310/profile,2,217,268,4,0,0,1,0,0
00-0031285,Devonta,Freeman,ATL,RB,http://www.nfl.com/player/devontafreeman/2543583/profile,24,206,0,28,0,0,0,0,0
00-0028083,Jacquizz,Rodgers,ATL,RB,http://www.nfl.com/player/jacquizzrodgers/2495471/profile,32,196,0,4,8,3,0,0,0
00-0022736,Steven,Jackson,ATL,RB,http://www.nfl.com/player/stevenjackson/2505936/profile,39,240,0,41,6,2,0,0,0
00-0024272,Devin,Hester,ATL,WR,http://www.nfl.com/player/devinhester/2506897/profile,17,190,0,9,34,3,0,0,0
00-0026855,Antone,Smith,ATL,RB,http://www.nfl.com/player/antonesmith/89798/profile,35,192,0,0,3,1,0,0,0
00-0026224,Harry,Douglas,ATL,WR,http://www.nfl.com/player/harrydouglas/222/profile,83,183,0,0,46,4,0,0,0
00-0023462,Roddy,White,ATL,WR,http://www.nfl.com/player/roddywhite/2506366/profile,84,211,0,0,75,8,0,0,1
00-0027944,Julio,Jones,ATL,WR,http://www.nfl.com/player/juliojones/2495454/profile,11,220,0,0,59,6,0,0,0
00-0030443,Levine,Toilolo,ATL,TE,http://www.nfl.com/player/levinetoilolo/2540203/profile,80,265,0,0,23,2,0,0,0
00-0024226,Jay,Cutler,CHI,QB,http://www.nfl.com/player/jaycutler/2495824/profile,6,220,330,21,0,0,3,0,0
00-0026184,Matt,Forte,CHI,RB,http://www.nfl.com/player/mattforte/234/profile,22,218,0,117,58,6,0,0,0
00-0026201,Martellus,Bennett,CHI,TE,http://www.nfl.com/player/martellusbennett/1062/profile,83,265,0,0,29,4,0,0,0
00-0029137,Alshon,Jeffery,CHI,WR,http://www.nfl.com/player/alshonjeffery/2533039/profile,17,216,0,0,135,11,0,0,1
00-0030047,Marquess,Wilson,CHI,WR,http://www.nfl.com/player/marquesswilson/2540177/profile,10,184,0,0,11,2,0,0,0
00-0025542,Dante,Rosario,CHI,TE,http://www.nfl.com/player/danterosario/2495724/profile,88,242,0,0,7,1,0,0,0
00-0024334,Brandon,Marshall,CHI,WR,http://www.nfl.com/player/brandonmarshall/2495893/profile,15,230,0,0,90,7,0,0,2
00-0026691,Chris,Williams,CHI,WR,http://www.nfl.com/player/chriswilliams/2507654/profile,0,175,0,0,0,0,0,0,0
00-0031209,Senorise,Perry,CHI,RB,http://www.nfl.com/player/senoriseperry/2550633/profile,32,187,0,0,0,0,0,0,0
00-0031237,Teddy,Bridgewater,MIN,QB,http://www.nfl.com/player/teddybridgewater/2543465/profile,5,210,158,2,0,0,1,0,0
00-0028198,Matt,Asiata,MIN,RB,http://www.nfl.com/player/mattasiata/2495258/profile,44,234,0,2,12,3,0,0,0
00-0030578,Cordarrelle,Patterson,MIN,WR,http://www.nfl.com/player/cordarrellepatterson/2540145/profile,84,220,0,3,24,2,0,0,0
00-0031376,Jerick,McKinnon,MIN,RB,http://www.nfl.com/player/jerickmckinnon/2543715/profile,31,208,0,38,20,4,0,0,0
00-0029587,Rhett,Ellison,MIN,TE,http://www.nfl.com/player/rhettellison/2532835/profile,85,250,0,0,7,1,0,0,1
00-0024267,Greg,Jennings,MIN,WR,http://www.nfl.com/player/gregjennings/2495867/profile,15,195,0,0,4,1,0,0,0
00-0026625,Brian,Hoyer,CLE,QB,http://www.nfl.com/player/brianhoyer/81294/profile,6,215,330,-6,0,0,1,0,0
00-0027890,Ben,Tate,CLE,RB,http://www.nfl.com/player/bentate/497208/profile,44,220,0,-9,0,0,0,0,0
00-0030656,Isaiah,Crowell,CLE,RB,http://www.nfl.com/player/isaiahcrowell/2550189/profile,34,225,0,61,30,2,0,0,0
00-0031375,Terrance,West,CLE,RB,http://www.nfl.com/player/terrancewest/2543664/profile,20,225,0,12,0,0,0,0,0
00-0027825,Jim,Dray,CLE,TE,http://www.nfl.com/player/jimdray/497226/profile,81,255,0,0,46,2,0,0,0
00-0027918,Andrew,Hawkins,CLE,WR,http://www.nfl.com/player/andrewhawkins/2508097/profile,16,180,0,0,97,6,0,0,1
00-0026281,Gary,Barnidge,CLE,TE,http://www.nfl.com/player/garybarnidge/1060/profile,82,250,0,0,11,1,0,0,0
00-0023921,Miles,Austin,CLE,WR,http://www.nfl.com/player/milesaustin/2495801/profile,19,215,0,0,31,3,0,0,0
00-0031228,Taylor,Gabriel,CLE,WR,http://www.nfl.com/player/taylorgabriel/2550617/profile,18,167,0,0,92,5,0,0,0
00-0029269,Travis,Benjamin,CLE,WR,http://www.nfl.com/player/travisbenjamin/2532790/profile,11,175,0,0,23,1,0,0,0
00-0027356,Marlon,Moore,CLE,WR,http://www.nfl.com/player/marlonmoore/2507902/profile,15,190,0,0,0,0,0,0,0
00-0028012,Ryan,Mallett,HOU,QB,http://www.nfl.com/player/ryanmallett/2495443/profile,15,245,211,-3,0,0,2,0,0
00-0031075,Alfred,Blue,HOU,RB,http://www.nfl.com/player/alfredblue/2543600/profile,28,223,0,156,0,0,0,0,0
00-0029435,Damaris,Johnson,HOU,WR,http://www.nfl.com/player/damarisjohnson/2536031/profile,13,175,0,6,21,5,0,0,0
00-0029510,Jonathan,Grimes,HOU,RB,http://www.nfl.com/player/jonathangrimes/2534770/profile,41,209,0,54,0,0,0,0,0
00-0027718,Garrett,Graham,HOU,TE,http://www.nfl.com/player/garrettgraham/497234/profile,88,243,0,0,34,2,0,0,1
00-0029415,Keshawn,Martin,HOU,WR,http://www.nfl.com/player/keshawnmartin/2532900/profile,82,194,0,0,6,1,0,0,0
00-0022044,Andre,Johnson,HOU,WR,http://www.nfl.com/player/andrejohnson/2505551/profile,80,230,0,0,68,7,0,0,0
00-0030564,DeAndre,Hopkins,HOU,WR,http://www.nfl.com/player/deandrehopkins/2540165/profile,10,218,0,0,80,4,0,0,0
00-0023459,Aaron,Rodgers,GB,QB,http://www.nfl.com/player/aaronrodgers/2506363/profile,12,225,341,32,0,0,3,0,0
00-0026349,Matt,Flynn,GB,QB,http://www.nfl.com/player/mattflynn/367/profile,10,225,26,-3,0,0,0,0,0
00-0027791,James,Starks,GB,RB,http://www.nfl.com/player/jamesstarks/497206/profile,44,218,0,9,17,2,0,0,0
00-0030485,Eddie,Lacy,GB,RB,http://www.nfl.com/player/eddielacy/2540168/profile,27,230,0,69,45,3,0,1,1
00-0031384,Richard,Rodgers,GB,TE,http://www.nfl.com/player/richardrodgers/2550313/profile,89,257,0,0,19,1,0,0,0
00-0031381,Davante,Adams,GB,WR,http://www.nfl.com/player/davanteadams/2543495/profile,17,215,0,0,13,2,0,0,1
00-0027753,Andrew,Quarless,GB,TE,http://www.nfl.com/player/andrewquarless/497258/profile,81,252,0,0,35,2,0,0,0
00-0028002,Randall,Cobb,GB,WR,http://www.nfl.com/player/randallcobb/2495448/profile,18,192,0,0,129,10,0,0,0
00-0026176,Jordy,Nelson,GB,WR,http://www.nfl.com/player/jordynelson/1032/profile,87,217,0,0,109,4,0,0,1
00-0028409,DuJuan,Harris,GB,RB,http://www.nfl.com/player/dujuanharris/2530690/profile,26,203,0,0,0,0,0,0,0
00-0026898,Mark,Sanchez,PHI,QB,http://www.nfl.com/player/marksanchez/79858/profile,3,225,346,0,0,0,2,0,0
00-0023564,Darren,Sproles,PHI,RB,http://www.nfl.com/player/darrensproles/2506467/profile,43,190,0,21,23,2,0,0,0
00-0027029,LeSean,McCoy,PHI,RB,http://www.nfl.com/player/leseanmccoy/79607/profile,25,208,0,88,18,1,0,0,0
00-0029438,Chris,Polk,PHI,RB,http://www.nfl.com/player/chrispolk/2533037/profile,32,222,0,0,0,0,0,0,0
00-0025549,Brent,Celek,PHI,TE,http://www.nfl.com/player/brentcelek/2507218/profile,87,255,0,0,11,1,0,0,0
00-0031299,Jordan,Matthews,PHI,WR,http://www.nfl.com/player/jordanmatthews/2543500/profile,81,212,0,0,107,5,0,0,1
00-0026995,Jeremy,Maclin,PHI,WR,http://www.nfl.com/player/jeremymaclin/80429/profile,18,198,0,0,93,9,0,0,1
00-0030061,Zach,Ertz,PHI,TE,http://www.nfl.com/player/zachertz/2540158/profile,86,250,0,0,55,4,0,0,0
00-0027758,Riley,Cooper,PHI,WR,http://www.nfl.com/player/rileycooper/497282/profile,14,230,0,0,39,4,0,0,0
00-0024318,Brad,Smith,PHI,WR,http://www.nfl.com/player/bradsmith/2506916/profile,16,213,0,0,0,0,0,0,0
00-0023436,Alex,Smith,KC,QB,http://www.nfl.com/player/alexsmith/2506340/profile,11,217,108,-1,0,0,0,0,0
00-0031060,De'Anthony,Thomas,KC,RB,http://www.nfl.com/player/de'anthonythomas/2543638/profile,13,176,0,22,10,1,0,0,0
00-0030280,Knile,Davis,KC,RB,http://www.nfl.com/player/kniledavis/2540178/profile,34,227,0,10,8,1,0,1,0
00-0026213,Jamaal,Charles,KC,RB,http://www.nfl.com/player/jamaalcharles/925/profile,25,199,0,159,19,2,0,2,0
00-0030506,Travis,Kelce,KC,TE,http://www.nfl.com/player/traviskelce/2540258/profile,87,260,0,0,37,3,0,0,0
00-0025410,Dwayne,Bowe,KC,WR,http://www.nfl.com/player/dwaynebowe/2495558/profile,82,221,0,0,18,2,0,0,0
00-0029263,Russell,Wilson,SEA,QB,http://www.nfl.com/player/russellwilson/2532975/profile,3,206,178,71,0,0,2,0,0
00-0025399,Marshawn,Lynch,SEA,RB,http://www.nfl.com/player/marshawnlynch/2495663/profile,24,215,0,124,1,1,0,0,0
00-0029273,Robert,Turbin,SEA,RB,http://www.nfl.com/player/robertturbin/2533460/profile,22,222,0,11,0,0,0,0,0
00-0030432,Christine,Michael,SEA,RB,http://www.nfl.com/player/christinemichael/2539322/profile,33,221,0,-2,0,0,0,0,0
00-0029534,Cooper,Helfet,SEA,TE,http://www.nfl.com/player/cooperhelfet/2536071/profile,84,239,0,0,2,1,0,0,0
00-0028434,Doug,Baldwin,SEA,WR,http://www.nfl.com/player/dougbaldwin/2530747/profile,89,189,0,0,45,6,0,0,1
00-0030089,Luke,Willson,SEA,TE,http://www.nfl.com/player/lukewillson/2541199/profile,82,252,0,0,51,3,0,0,0
00-0031257,Paul,Richardson,SEA,WR,http://www.nfl.com/player/paulrichardson/2543491/profile,10,183,0,0,24,3,0,0,0
00-0029159,Jermaine,Kearse,SEA,WR,http://www.nfl.com/player/jermainekearse/2532887/profile,15,209,0,0,54,5,0,0,0
00-0027595,Bryan,Walters,SEA,WR,http://www.nfl.com/player/bryanwalters/2528181/profile,19,190,0,0,0,0,0,0,0
00-0028479,Demarcus,Dobbs,SEA,TE,http://www.nfl.com/player/demarcusdobbs/2495277/profile,83,282,0,0,0,0,0,0,0
00-0020531,Drew,Brees,NO,QB,http://www.nfl.com/player/drewbrees/2504775/profile,9,209,255,3,0,0,1,0,0
00-0031236,Brandin,Cooks,NO,WR,http://www.nfl.com/player/brandincooks/2543498/profile,10,189,0,5,50,5,0,0,0
00-0027966,Mark,Ingram,NO,RB,http://www.nfl.com/player/markingram/2495466/profile,22,215,0,67,30,7,0,0,0
00-0029205,Travaris,Cadet,NO,RB,http://www.nfl.com/player/travariscadet/2535890/profile,39,210,0,0,31,4,0,0,0
00-0030085,Kenny,Stills,NO,WR,http://www.nfl.com/player/kennystills/2540202/profile,84,194,0,0,32,4,0,0,1
00-0024466,Marques,Colston,NO,WR,http://www.nfl.com/player/marquescolston/2495821/profile,12,225,0,0,56,4,0,0,0
00-0028532,Joe,Morgan,NO,WR,http://www.nfl.com/player/joemorgan/2530720/profile,13,184,0,0,7,1,0,0,0
00-0027696,Jimmy,Graham,NO,TE,http://www.nfl.com/player/jimmygraham/497236/profile,80,265,0,0,29,3,0,0,0
00-0027973,Andy,Dalton,CIN,QB,http://www.nfl.com/player/andydalton/2495143/profile,14,220,220,12,0,0,3,0,0
00-0026932,Cedric,Peerman,CIN,RB,http://www.nfl.com/player/cedricpeerman/79629/profile,30,214,0,21,0,0,0,0,0
00-0030288,Rex,Burkhead,CIN,RB,http://www.nfl.com/player/rexburkhead/2539265/profile,33,215,0,1,36,3,0,0,0
00-0031301,Jeremy,Hill,CIN,RB,http://www.nfl.com/player/jeremyhill/2543603/profile,32,238,0,152,13,1,0,0,0
00-0031291,James,Wright,CIN,WR,http://www.nfl.com/player/jameswright/2550162/profile,86,201,0,0,8,1,0,0,0
00-0027873,Jermaine,Gresham,CIN,TE,http://www.nfl.com/player/jermainegresham/497238/profile,84,260,0,0,13,2,0,0,2
00-0027942,A.J.,Green,CIN,WR,http://www.nfl.com/player/a.j.green/2495450/profile,18,207,0,0,127,6,0,0,1
00-0029632,Mohamed,Sanu,CIN,WR,http://www.nfl.com/player/mohamedsanu/2533040/profile,12,210,0,0,23,3,0,0,0
00-0022803,Eli,Manning,NYG,QB,http://www.nfl.com/player/elimanning/2505996/profile,10,218,280,0,0,0,1,0,0
00-0027155,Rashad,Jennings,NYG,RB,http://www.nfl.com/player/rashadjennings/71345/profile,23,231,0,59,8,4,0,0,0
00-0031055,Andre,Williams,NYG,RB,http://www.nfl.com/player/andrewilliams/2543565/profile,44,230,0,2,4,1,0,0,0
00-0031235,Odell,Beckham,NYG,WR,http://www.nfl.com/player/odellbeckham/2543496/profile,13,198,0,0,93,6,0,0,0
00-0028838,Larry,Donnell,NYG,TE,http://www.nfl.com/player/larrydonnell/2537933/profile,84,265,0,0,54,3,0,0,1
00-0027450,Preston,Parker,NYG,WR,http://www.nfl.com/player/prestonparker/497312/profile,83,200,0,0,9,1,0,0,0
00-0029262,Rueben,Randle,NYG,WR,http://www.nfl.com/player/ruebenrandle/2533533/profile,82,208,0,0,112,7,0,0,0
00-0027974,Colin,Kaepernick,SF,QB,http://www.nfl.com/player/colinkaepernick/2495186/profile,7,230,193,24,0,0,1,0,0
00-0023500,Frank,Gore,SF,RB,http://www.nfl.com/player/frankgore/2506404/profile,21,217,0,95,19,2,0,0,0
00-0031045,Carlos,Hyde,SF,RB,http://www.nfl.com/player/carloshyde/2543743/profile,28,235,0,25,5,1,0,0,0
00-0024221,Vernon,Davis,SF,TE,http://www.nfl.com/player/vernondavis/2495826/profile,85,250,0,4,7,1,0,0,0
00-0022084,Anquan,Boldin,SF,WR,http://www.nfl.com/player/anquanboldin/2505587/profile,81,220,0,0,53,5,0,0,0
00-0026986,Michael,Crabtree,SF,WR,http://www.nfl.com/player/michaelcrabtree/71269/profile,15,214,0,0,85,3,0,0,1
00-0026364,Steve,Johnson,SF,WR,http://www.nfl.com/player/stevejohnson/768/profile,13,207,0,0,8,1,0,0,0
00-0020679,Shaun,Hill,STL,QB,http://www.nfl.com/player/shaunhill/2504833/profile,14,220,220,0,0,1,1,0,0
00-0030525,Tavon,Austin,STL,WR,http://www.nfl.com/player/tavonaustin/2539336/profile,11,176,0,11,10,2,0,0,0
00-0031391,Tre,Mason,STL,RB,http://www.nfl.com/player/tremason/2543502/profile,27,207,0,113,1,1,0,0,0
00-0029795,Benny,Cunningham,STL,RB,http://www.nfl.com/player/bennycunningham/2541544/profile,36,217,0,7,31,4,0,0,0
00-0030532,Stedman,Bailey,STL,WR,http://www.nfl.com/player/stedmanbailey/2540157/profile,12,194,0,0,26,3,0,0,0
00-0027006,Kenny,Britt,STL,WR,http://www.nfl.com/player/kennybritt/71217/profile,81,223,0,0,128,4,0,0,1
00-0027985,Lance,Kendricks,STL,TE,http://www.nfl.com/player/lancekendricks/2495187/profile,88,250,0,0,5,2,0,0,0
00-0027061,Jared,Cook,STL,TE,http://www.nfl.com/player/jaredcook/71265/profile,89,254,0,0,19,3,0,0,0
00-0010346,Peyton,Manning,DEN,QB,http://www.nfl.com/player/peytonmanning/2501863/profile,18,230,389,-1,0,0,1,0,0
00-0029854,C.J.,Anderson,DEN,RB,http://www.nfl.com/player/c.j.anderson/2540269/profile,22,224,0,29,86,8,0,0,0
00-0027685,Emmanuel,Sanders,DEN,WR,http://www.nfl.com/player/emmanuelsanders/497322/profile,10,180,0,0,102,5,0,0,1
00-0026267,Jacob,Tamme,DEN,TE,http://www.nfl.com/player/jacobtamme/324/profile,84,230,0,0,31,4,0,0,0
00-0022427,Wes,Welker,DEN,WR,http://www.nfl.com/player/weswelker/2505790/profile,83,185,0,0,28,4,0,0,0
00-0030705,Juwan,Thompson,DEN,RB,http://www.nfl.com/player/juwanthompson/2550263/profile,40,225,0,0,5,1,0,0,0
00-0026237,Andre,Caldwell,DEN,WR,http://www.nfl.com/player/andrecaldwell/206/profile,12,200,0,0,31,3,0,0,0
00-0028067,Julius,Thomas,DEN,TE,http://www.nfl.com/player/juliusthomas/2495353/profile,80,250,0,0,3,2,0,0,0
00-0027874,Demaryius,Thomas,DEN,WR,http://www.nfl.com/player/demaryiusthomas/497328/profile,88,229,0,0,103,7,0,0,0
00-0030671,Isaiah,Burse,DEN,WR,http://www.nfl.com/player/isaiahburse/2550182/profile,19,181,0,0,0,0,0,0,0
00-0029665,Robert,Griffin III,WAS,QB,http://www.nfl.com/player/robertgriffiniii/2533033/profile,10,222,207,41,0,0,1,0,0
00-0029141,Alfred,Morris,WAS,RB,http://www.nfl.com/player/alfredmorris/2533457/profile,46,224,0,96,36,2,0,0,0
00-0031008,Silas,Redd,WAS,RB,http://www.nfl.com/player/silasredd/2550529/profile,32,200,0,16,9,2,0,0,0
00-0026189,DeSean,Jackson,WAS,WR,http://www.nfl.com/player/deseanjackson/1581/profile,11,178,0,2,35,4,0,0,0
00-0028043,Roy,Helu,WAS,RB,http://www.nfl.com/player/royhelu/2495161/profile,29,215,0,0,57,6,0,0,1
00-0028093,Niles,Paul,WAS,TE,http://www.nfl.com/player/nilespaul/2495211/profile,84,241,0,0,17,3,0,0,0
00-0026345,Pierre,Garcon,WAS,WR,http://www.nfl.com/player/pierregarcon/2346/profile,88,216,0,0,6,1,0,0,0
00-0030472,Jordan,Reed,WAS,TE,http://www.nfl.com/player/jordanreed/2540160/profile,86,237,0,0,22,2,0,0,0
00-0027691,Andre,Roberts,WAS,WR,http://www.nfl.com/player/andreroberts/497320/profile,12,187,0,0,21,2,0,0,0
00-0021206,Josh,McCown,TB,QB,http://www.nfl.com/player/joshmccown/2505076/profile,12,213,288,8,0,0,2,0,0
00-0031390,Charles,Sims,TB,RB,http://www.nfl.com/player/charlessims/2543770/profile,34,214,0,36,8,3,0,0,0
00-0029384,Bobby,Rainey,TB,RB,http://www.nfl.com/player/bobbyrainey/2534571/profile,43,212,0,4,0,0,0,0,0
00-0031408,Mike,Evans,TB,WR,http://www.nfl.com/player/mikeevans/2543468/profile,13,231,0,0,209,7,0,0,2
00-0031418,Austin,Seferian-Jenkins,TB,TE,http://www.nfl.com/player/austinseferian-jenkins/2543683/profile,87,262,0,0,7,1,0,0,0
00-0027135,Brandon,Myers,TB,TE,http://www.nfl.com/player/brandonmyers/89766/profile,82,256,0,0,21,1,0,0,0
00-0023496,Vincent,Jackson,TB,WR,http://www.nfl.com/player/vincentjackson/2506400/profile,83,230,0,0,43,3,0,0,0
00-0022942,Philip,Rivers,SD,QB,http://www.nfl.com/player/philiprivers/2506121/profile,17,228,193,-1,0,0,1,0,0
00-0027003,Donald,Brown,SD,RB,http://www.nfl.com/player/donaldbrown/2507779/profile,34,207,0,0,4,1,0,0,0
00-0026182,Eddie,Royal,SD,WR,http://www.nfl.com/player/eddieroyal/1990/profile,11,185,0,15,27,2,0,0,0
00-0027864,Ryan,Mathews,SD,RB,http://www.nfl.com/player/ryanmathews/497188/profile,24,220,0,70,5,1,0,0,0
00-0031277,Branden,Oliver,SD,RB,http://www.nfl.com/player/brandenoliver/2550658/profile,43,208,0,36,3,1,0,0,0
00-0030279,Keenan,Allen,SD,WR,http://www.nfl.com/player/keenanallen/2540154/profile,13,211,0,0,63,8,0,0,0
00-0021547,Antonio,Gates,SD,TE,http://www.nfl.com/player/antoniogates/2505299/profile,85,255,0,0,32,3,0,0,0
00-0029275,Ladarius,Green,SD,TE,http://www.nfl.com/player/ladariusgreen/2532853/profile,89,240,0,0,11,1,0,0,0
00-0022414,Malcom,Floyd,SD,WR,http://www.nfl.com/player/malcomfloyd/2505785/profile,80,225,0,0,44,4,0,0,1
00-0026957,David,Johnson,SD,TE,http://www.nfl.com/player/davidjohnson/79589/profile,88,260,0,0,4,1,0,0,0
00-0031280,Derek,Carr,OAK,QB,http://www.nfl.com/player/derekcarr/2543499/profile,4,214,172,0,0,0,0,0,0
00-0026144,Darren,McFadden,OAK,RB,http://www.nfl.com/player/darrenmcfadden/284/profile,20,218,0,21,0,0,0,0,0
00-0024275,Maurice,Jones-Drew,OAK,RB,http://www.nfl.com/player/mauricejones-drew/2495831/profile,21,210,0,6,0,0,0,0,0
00-0030513,Latavius,Murray,OAK,RB,http://www.nfl.com/player/lataviusmurray/2541161/profile,28,225,0,43,16,3,0,0,0
00-0030514,Mychal,Rivera,OAK,TE,http://www.nfl.com/player/mychalrivera/2539995/profile,81,245,0,0,40,3,0,0,0
00-0030516,Brice,Butler,OAK,WR,http://www.nfl.com/player/bricebutler/2541388/profile,12,210,0,0,15,1,0,0,0
00-0030000,Kenbrell,Thompkins,OAK,WR,http://www.nfl.com/player/kenbrellthompkins/2539214/profile,85,195,0,0,47,2,0,0,0
00-0028263,Andre,Holmes,OAK,WR,http://www.nfl.com/player/andreholmes/2495453/profile,18,210,0,0,19,2,0,0,0
00-0029755,Brian,Leonhardt,OAK,TE,http://www.nfl.com/player/brianleonhardt/2541512/profile,87,255,0,0,4,1,0,0,0
00-0025465,James,Jones,OAK,WR,http://www.nfl.com/player/jamesjones/2507183/profile,89,200,0,0,35,2,0,0,0
00-0028086,Denarius,Moore,OAK,WR,http://www.nfl.com/player/denariusmoore/2495315/profile,17,190,0,0,0,0,0,0,0
00-0025430,Drew,Stanton,ARI,QB,http://www.nfl.com/player/drewstanton/2495748/profile,5,243,306,-4,0,0,2,0,0
00-0030287,Andre,Ellington,ARI,RB,http://www.nfl.com/player/andreellington/2539217/profile,38,199,0,42,24,4,0,0,0
00-0028345,Robert,Hughes,ARI,RB,http://www.nfl.com/player/roberthughes/2530516/profile,39,235,0,2,49,1,0,0,0
00-0030282,Stepfan,Taylor,ARI,RB,http://www.nfl.com/player/stepfantaylor/2539315/profile,30,214,0,6,4,1,0,0,0
00-0026178,John,Carlson,ARI,TE,http://www.nfl.com/player/johncarlson/1966/profile,89,248,0,0,37,3,0,0,0
00-0030300,Jaron,Brown,ARI,WR,http://www.nfl.com/player/jaronbrown/2541966/profile,13,205,0,0,4,1,0,0,0
00-0031051,John,Brown,ARI,WR,http://www.nfl.com/player/johnbrown/2543847/profile,12,179,0,0,69,5,0,0,0
00-0031044,Troy,Niklas,ARI,TE,http://www.nfl.com/player/troyniklas/2543628/profile,87,270,0,0,5,1,0,0,0
00-0029638,Michael,Floyd,ARI,WR,http://www.nfl.com/player/michaelfloyd/2532841/profile,15,225,0,0,54,2,0,0,2
00-0028007,Rob,Housler,ARI,TE,http://www.nfl.com/player/robhousler/2508112/profile,84,250,0,0,27,1,0,0,0
00-0022921,Larry,Fitzgerald,ARI,WR,http://www.nfl.com/player/larryfitzgerald/2506106/profile,11,218,0,0,33,2,0,0,0
00-0025396,Ted,Ginn,ARI,WR,http://www.nfl.com/player/tedginn/2507166/profile,19,185,0,0,0,0,0,0,0
00-0026498,Matthew,Stafford,DET,QB,http://www.nfl.com/player/matthewstafford/79860/profile,9,234,183,0,0,0,0,0,0
00-0027891,Golden,Tate,DET,WR,http://www.nfl.com/player/goldentate/497326/profile,15,195,0,8,41,2,0,0,0
00-0030107,Theo,Riddick,DET,RB,http://www.nfl.com/player/theoriddick/2540020/profile,25,200,0,2,24,3,0,0,0
00-0027218,Joique,Bell,DET,RB,http://www.nfl.com/player/joiquebell/497145/profile,35,229,0,85,30,3,0,0,0
00-0031387,Eric,Ebron,DET,TE,http://www.nfl.com/player/ericebron/2543466/profile,85,265,0,0,22,4,0,0,0
00-0028249,Jeremy,Ross,DET,WR,http://www.nfl.com/player/jeremyross/2530598/profile,12,215,0,0,7,1,0,0,0
00-0025389,Calvin,Johnson,DET,WR,http://www.nfl.com/player/calvinjohnson/2495647/profile,81,236,0,0,59,5,0,0,0
00-0029668,Andrew,Luck,IND,QB,http://www.nfl.com/player/andrewluck/2533031/profile,12,240,303,15,0,0,2,0,0
00-0025637,Ahmad,Bradshaw,IND,RB,http://www.nfl.com/player/ahmadbradshaw/2495560/profile,44,217,0,4,7,4,0,0,0
00-0029675,Trent,Richardson,IND,RB,http://www.nfl.com/player/trentrichardson/2533032/profile,34,225,0,0,21,1,0,0,0
00-0029697,Coby,Fleener,IND,TE,http://www.nfl.com/player/cobyfleener/2532838/profile,80,251,0,0,144,7,0,0,0
00-0020498,Reggie,Wayne,IND,WR,http://www.nfl.com/player/reggiewayne/2504747/profile,87,203,0,0,91,5,0,0,0
00-0029608,T.Y.,Hilton,IND,WR,http://www.nfl.com/player/t.y.hilton/2532865/profile,13,178,0,0,24,3,0,0,0
00-0027005,Hakeem,Nicks,IND,WR,http://www.nfl.com/player/hakeemnicks/80672/profile,14,208,0,0,15,2,0,0,1
00-0029588,Dan,Herron,IND,RB,http://www.nfl.com/player/danherron/2532864/profile,36,212,0,0,0,0,0,0,0
00-0019596,Tom,Brady,NE,QB,http://www.nfl.com/player/tombrady/2504211/profile,12,225,257,-2,0,0,2,0,0
00-0027150,Julian,Edelman,NE,WR,http://www.nfl.com/player/julianedelman/238498/profile,11,200,0,31,50,5,0,0,0
00-0027994,Shane,Vereen,NE,RB,http://www.nfl.com/player/shanevereen/2495473/profile,34,205,0,18,59,4,0,0,0
00-0031345,Jimmy,Garoppolo,NE,QB,http://www.nfl.com/player/jimmygaroppolo/2543801/profile,10,225,0,-2,0,0,0,0,0
00-0027681,Brandon,LaFell,NE,WR,http://www.nfl.com/player/brandonlafell/497302/profile,19,210,0,0,62,3,0,0,0
00-0027656,Rob,Gronkowski,NE,TE,http://www.nfl.com/player/robgronkowski/497240/profile,87,265,0,0,71,4,0,0,1
00-0026035,Danny,Amendola,NE,WR,http://www.nfl.com/player/dannyamendola/2649/profile,80,195,0,0,13,2,0,0,0
00-0029910,Timothy,Wright,NE,TE,http://www.nfl.com/player/timothywright/2541768/profile,81,220,0,0,2,1,0,0,1
00-0031266,Zach,Mettenberger,TEN,QB,http://www.nfl.com/player/zachmettenberger/2543605/profile,7,244,263,0,0,0,2,0,0
00-0031413,Bishop,Sankey,TEN,RB,http://www.nfl.com/player/bishopsankey/2543682/profile,20,209,0,38,7,1,0,1,0
00-0026899,Shonn,Greene,TEN,RB,http://www.nfl.com/player/shonngreene/79563/profile,23,233,0,6,0,0,0,0,0
00-0027651,Dexter,McCluster,TEN,RB,http://www.nfl.com/player/dextermccluster/497190/profile,22,170,0,5,17,1,0,0,0
00-0030521,Justin,Hunter,TEN,WR,http://www.nfl.com/player/justinhunter/2540151/profile,15,203,0,0,48,2,0,0,0
00-0025701,Jackie,Battle,TEN,RB,http://www.nfl.com/player/jackiebattle/2507278/profile,44,240,0,0,4,2,0,0,0
00-0023367,Nate,Washington,TEN,WR,http://www.nfl.com/player/natewashington/2506313/profile,85,183,0,0,80,1,0,0,1
00-0024297,Derek,Hagan,TEN,WR,http://www.nfl.com/player/derekhagan/2495843/profile,80,210,0,0,5,1,0,0,0
00-0029708,Kendall,Wright,TEN,WR,http://www.nfl.com/player/kendallwright/2532977/profile,13,191,0,0,70,4,0,0,0
00-0022924,Ben,Roethlisberger,PIT,QB,http://www.nfl.com/player/benroethlisberger/2506109/profile,7,241,207,2,0,0,1,0,0
00-0030496,Le'Veon,Bell,PIT,RB,http://www.nfl.com/player/le'veonbell/2540175/profile,26,244,0,204,18,2,0,1,0
00-0031373,Martavis,Bryant,PIT,WR,http://www.nfl.com/player/martavisbryant/2543572/profile,10,211,0,0,11,2,0,0,0
00-0023310,Lance,Moore,PIT,WR,http://www.nfl.com/player/lancemoore/2506287/profile,16,190,0,0,15,1,0,0,0
00-0031392,Dri,Archer,PIT,RB,http://www.nfl.com/player/driarcher/2543596/profile,13,173,0,0,-5,1,0,0,0
00-0030460,Markus,Wheaton,PIT,WR,http://www.nfl.com/player/markuswheaton/2539291/profile,11,182,0,0,6,1,0,0,0
00-0023465,Heath,Miller,PIT,TE,http://www.nfl.com/player/heathmiller/2506369/profile,83,256,0,0,71,5,0,0,0
00-0027793,Antonio,Brown,PIT,WR,http://www.nfl.com/player/antoniobrown/2508061/profile,84,186,0,0,91,9,0,0,1
